year,error,rewards_earned
2008,0.27729776600613026,2050.0
2009,0.28937203849918974,1125.0
2010,0.24571738455754707,6100.0
2011,0.22137914072787124,195475.0
2012,0.2560346536254049,14125.0
2013,0.28211288375433563,2200.0
2014,0.2918387212730295,-350.0
2015,0.2912882317747623,7825.0
2016,0.28328705855642505,26850.0
2017,0.32050177390090506,3550.0
2018,0.2744800493229555,6825.0
2019,0.3328595675827711,14500.0
