error,rewards_earned
0.3571468890661824,3150.0
0.37691004003023565,-1375.0
0.4081724468570771,-2525.0
0.42333232736496745,-1975.0
0.44061691902532824,825.0
0.41169745566192684,1400.0
0.38312139678569257,-1900.0
0.4256855776342854,-1725.0
0.4041204289564929,24075.0
0.40547196831143323,24225.0
0.39524901544613683,-1300.0
0.3708791497694846,-675.0
