year,error,rewards_earned
2008,0.277620577359402,2100.0
2009,0.2916925535493193,1000.0
2010,0.24571738455754707,6100.0
2011,0.22217100536069612,195400.0
2012,0.2573349156919492,14025.0
2013,0.2820705754111303,2200.0
2014,0.29249712403288897,-350.0
2015,0.29019159498426095,7875.0
2016,0.28254550328347566,26825.0
2017,0.32050177390090506,3550.0
2018,0.27818388079324213,2875.0
2019,0.3325096361213624,14400.0
