year,error,rewards_earned
2008,0.22391643488272486,33675.0
2009,0.25742950969419226,156225.0
2010,0.2373294854624272,3800.0
2011,0.1892841465961916,285925.0
2012,0.2319720387128757,22350.0
2013,0.2237361605550791,38025.0
2014,0.2561674995600816,1750.0
2015,0.2210242975009904,20750.0
2016,0.2516496232955141,12850.0
2017,0.2457349058851591,152300.0
2018,0.2427911081352507,6475.0
2019,0.3244571531513426,2675.0
