accuracy,rewards_earned
0.2714542384742815,15600.0
0.2669721262709023,548675.0
0.22788168328142483,864875.0
0.2106044828832233,1539600.0
0.223940277930827,1737500.0
0.221655448192524,1839775.0
0.19824875710862563,1472750.0
0.24872474317825163,1243175.0
0.26357230070051785,786300.0
0.2253047737930098,594550.0
0.23405666942217193,1451900.0
0.4399811991320767,-2275.0
