accuracy,rewards_earned
0.30553156598263065,-75.0
0.36922232756320633,-925.0
0.32231269411489366,675.0
0.3128709828124255,2300.0
0.35071910802549205,-675.0
0.33101293771894247,3875.0
0.39659023459711346,-1775.0
0.31610385224881216,6300.0
0.31240333471561793,-275.0
0.37143344270275,-1600.0
0.33371389039822785,-850.0
0.3476844251819577,9125.0
